,MI_average,MI_stdtot,MI_stetot,MMSE_average,MMSE_stdtot,MMSE_stetot,lambda
0,-0.0,0.0,0.0,0.9811176716760001,0.03208193972168944,0.01134267856541233,0.0
1,0.0001540105835,0.00032213934234975855,0.00011389345673124452,0.980855252138375,0.03211968748328768,0.011356024414512696,0.000601107134
2,0.0002242668905,0.0003905182821534596,0.00013806906274401639,0.980697341590125,0.032117120376028666,0.011355116805037254,0.000882578325
3,0.00030060719175,0.00045341861792364067,0.00016030768972501928,0.980507244025125,0.0320137838137701,0.011318581813078484,0.001189545001
4,0.00038333526362500003,0.0005132146001148174,0.00018144876197256484,0.98051383664675,0.0319818534175852,0.011307292713244326,0.001523113051
5,0.00048502276275000003,0.0005784497039199442,0.00020451285410857158,0.980175366238,0.03210180290399108,0.011349701260863048,0.001934334412
6,0.000578363090375,0.0006326095958347396,0.00022366126752921273,0.9799829961393749,0.03208498425157932,0.01134375496927766,0.002312543176
7,0.000689812597,0.0006918832520164878,0.00024461766964512975,0.979708046416375,0.0320578109138482,0.011334147743589085,0.002765178802
8,0.0008367616152499999,0.000763010847214699,0.0002697650720922032,0.979444007733,0.032149791775736306,0.011366667889179317,0.003362450081
9,0.0010318553885,0.0008484122005313755,0.0002999590101185683,0.979166894346875,0.032200097605549656,0.011384453685876436,0.004156499515
10,0.00121574606975,0.0009220092193534509,0.00032597948566067,0.9787714356051249,0.03217917472587793,0.011377056330827523,0.004906779957
11,0.0014160848466249999,0.0009960200283253243,0.000352146258113227,0.9782588870432499,0.03216224827768361,0.01137107192767772,0.005724574105
12,0.0016003744287500002,0.0010596204725703833,0.000374632410819306,0.977961345936375,0.03217671704216617,0.011376187408418222,0.00647794762
13,0.00177872321525,0.0011177727523080348,0.00039519234649128124,0.977628743547,0.03214965543424321,0.011366619685182155,0.007207563183
14,0.001981697896125,0.0011806225990514882,0.0004174131229056968,0.9771864732993751,0.03218530893137572,0.011379225099979863,0.008038678359
15,0.0022082430648750003,0.0012470184678511236,0.0004408876074411941,0.976835047137625,0.03216473317495321,0.011371950471532662,0.008967165425
16,0.002457236789875,0.0013162249074886137,0.0004653557788259174,0.97624268173475,0.03223801255685425,0.011397858645464352,0.00998957178
17,0.002726075753,0.001387055918852972,0.000490398323052937,0.9756857152157499,0.03217390083021398,0.011375191727133898,0.011093619307
18,0.002979006918625,0.0014506308336484977,0.0005128754497355736,0.9752615880933748,0.03216940719078713,0.011373602985678433,0.012133529118
19,0.003225137762625,0.001509982378080991,0.0005338593895066289,0.974724083880875,0.03219948871490154,0.011384238410523294,0.01314635258
20,0.0034752353068749995,0.001567898020410271,0.0005543356612205332,0.974223462663875,0.032197528165838346,0.011383545251754577,0.014176117591
21,0.0037812310851250003,0.0016361954023584415,0.0005784824321769527,0.9736095862486249,0.03216593679511593,0.011372376015522179,0.015437491617
22,0.004129696293625001,0.0017105286691761323,0.0006047632106942219,0.972948994570375,0.03221689679956151,0.011390393097878562,0.016875572885
23,0.004421635628624999,0.0017704742329326224,0.0006259571680113542,0.9723470459837501,0.0322979042546996,0.011419033558305964,0.018081129596
24,0.00479640444425,0.0018447172979342312,0.0006522060553707098,0.971586990082375,0.03231192294807111,0.011423989914879149,0.019631160611
25,0.0051258158840000005,0.001907536342573685,0.0006744159415968189,0.970929852188,0.032269246330690525,0.011408901452105193,0.020995289201
26,0.005551125526125,0.0019859371715184233,0.0007021348204955544,0.969958464104,0.032243493921649255,0.011399796600572706,0.022757800921
27,0.005828049482625,0.0020353054239495715,0.0007195891335302514,0.96952235667325,0.03229904403712911,0.011419436532248457,0.023906416752
28,0.00610604585525,0.002083848117191072,0.0007367515673143132,0.968974751718125,0.03237823698259969,0.011447435466630648,0.025060667281
29,0.0064762693829999995,0.002146443269883044,0.0007588822957832636,0.9682038707453751,0.03236095874547214,0.011441326687310729,0.026598359182
30,0.006774495270000001,0.002195675323753823,0.0007762884553551482,0.96760327038375,0.032386919548358165,0.011450505217193607,0.027838814684
31,0.007215818827749999,0.0022666799480348934,0.0008013923810175221,0.9666154474890001,0.03243194979048132,0.011466425811975484,0.029676106736
32,0.007669664530625,0.002337364190484941,0.0008263830345972534,0.9657562053677501,0.0324819389189777,0.011484099637848183,0.031567834468
33,0.008132017510875,0.00240734074815443,0.000851123483823347,0.9647544688301248,0.032430475687316655,0.011465904637803533,0.033497457808
34,0.008605984235,0.0024769587186406878,0.0008757371533349859,0.9639024293995,0.032411200281012256,0.01145908975254955,0.035477807929
35,0.009146109028124998,0.002554084213261264,0.0009030051334592739,0.9627134623585001,0.03252058055765138,0.01149776152021934,0.037737888944
36,0.009625221349125,0.002620820999601934,0.0009266001505473167,0.961659894025125,0.03253013703879446,0.01150114024652962,0.03974557919
37,0.0100516517555,0.002678659193078513,0.0009470490399567511,0.9608415486165,0.032560552450048595,0.011511893718304807,0.041534573593
38,0.010611844698,0.00275286238122661,0.0009732838287193413,0.959771216168125,0.03253716477786599,0.011503624927506562,0.043887437223
39,0.011140746006875002,0.00282133387201388,0.0009974921564461568,0.9585608602239999,0.03257740016665813,0.011517850285635864,0.046111761508
40,0.011623407960875002,0.002882212533184773,0.001019016013517905,0.957598825070875,0.0325911846966767,0.011522723852961662,0.048144301261
41,0.012040902728999998,0.0029337610767259828,0.0010372411758670446,0.956706767788125,0.03263901908145083,0.0115396358618855,0.049904232538
42,0.01246522699775,0.002985377777902794,0.001055490435579346,0.9558144493185,0.03263299813579641,0.011537507136134802,0.051694565111
43,0.013003086938000001,0.003049544841929158,0.0010781769186302829,0.9547127398985,0.0326648809138134,0.011548779400404241,0.053966948356
44,0.013530147499875002,0.003111112476110722,0.001099944364445981,0.9535813903297499,0.032691099183740205,0.011558048958632354,0.056196486918
45,0.014119641404125001,0.0031786463313672702,0.001123821187951769,0.9522909135933749,0.03274148047310297,0.011575861434309019,0.058693908411
46,0.014624976770625003,0.003235262007693908,0.0011438378522777833,0.9512670949175,0.032781117912278473,0.011589875385323953,0.060838085529
47,0.0150230456955,0.0032792874022248043,0.0011594031797863883,0.9503915357724999,0.03277740090691197,0.011588561225473772,0.062528880297
48,0.015543895768625,0.0033360828297227317,0.0011794833957484748,0.94935893233425,0.03279886771000013,0.01159615088649079,0.064743431872
49,0.016045878131,0.003389793208687356,0.0011984728823414674,0.948289301492,0.03276151603006101,0.011582945073403957,0.066880710412
50,0.016548454895625002,0.003442781948715172,0.0012172072310415675,0.9471623932726251,0.032795606322118996,0.011594997811747375,0.069022879018
51,0.017118555237,0.0035018554475051704,0.001238092866832979,0.945924358309625,0.032828714970676826,0.011606703486702957,0.071456789297
52,0.017709109868375,0.0035621347173662382,0.0012594048070748464,0.9446856055398751,0.032821818819993444,0.011604265329246804,0.073981348841
53,0.018321880684125002,0.003623561371023845,0.001281122408748292,0.9434008279880001,0.03283262802651875,0.01160808696086345,0.076605098674
54,0.019069361655000002,0.003697070789605739,0.0013071119129284608,0.9418077022142499,0.03289739409670122,0.011630985224571865,0.079810791093
55,0.019699557728125,0.0037579461061049407,0.0013286345874801923,0.9403777552047501,0.03292845135334175,0.011641965622959648,0.082517071096
56,0.020497025249249998,0.003833701874487834,0.0013554182962489628,0.938685448681,0.03290817184311306,0.011634795733358724,0.085948605943
57,0.02109066543,0.003889090346275641,0.001375001078249322,0.9375017931487499,0.032979527813622574,0.011660023878671436,0.088507806947
58,0.02165371043575,0.003940862738066173,0.001393305382905988,0.9362226232595,0.032971569421441194,0.011657210162132038,0.090938242717
59,0.022351331834124997,0.00400420108622311,0.0014156988706514502,0.9346906798085001,0.03298973762846016,0.011663633593324594,0.093954952587
60,0.02295856123175,0.004058525812875716,0.0014349055619525318,0.9334010239038749,0.03300260659196168,0.011668183459003978,0.096585073391
61,0.023843766629625,0.004136392324145841,0.001462435531025754,0.931359286066125,0.03305159003021336,0.011685501719680776,0.100425871203
62,0.024491122777625003,0.004192460581525335,0.0014822586535269305,0.930003084079875,0.03304901918861631,0.01168459278991746,0.103240441107
63,0.025037197611499997,0.004239171145320713,0.0014987733317333096,0.928731967374125,0.03314948531127389,0.011720112928222807,0.105618292001
64,0.025757115777249998,0.0042998453186333645,0.0015202248914294415,0.92720137977025,0.03319340611599229,0.011735641277648583,0.108758023568
65,0.026628144226000003,0.004372085068229224,0.0015457654998346667,0.9252270384625,0.03316367434845697,0.01172512951042814,0.112564571702
66,0.027248189466,0.004422927309936395,0.0015637409467755999,0.9238739944693749,0.03319036393143354,0.011734565702983028,0.115278965307
67,0.027906280224125002,0.00447631246764537,0.0015826154502909646,0.9224064020270001,0.033203580839116974,0.011739238585507664,0.118165362327
68,0.02870722556125,0.004540481148861514,0.001605302505104831,0.92065093821825,0.03319189279882063,0.0117351062392315,0.121684060779
69,0.029394846961125,0.004594785344034101,0.0016245019374315382,0.91898128174,0.033176823567435544,0.011729778461381669,0.124710402663
70,0.030016404375625,0.004643282060795322,0.0016416481160751095,0.917598640632,0.03315086404371488,0.011720600383752042,0.127451025198
71,0.030602484183375,0.0046886022671869,0.001657671228707239,0.916268565672375,0.03313647370748824,0.011715512631587335,0.130039026319
72,0.031390002257625,0.004748955728516784,0.0016790093995944595,0.914583482345875,0.03311282426867741,0.011707151292310139,0.133522534007
73,0.032266717174875,0.0048152662770565785,0.0017024537188628035,0.9125343780045,0.03324137282067651,0.011752600068725276,0.13740943572
74,0.032949649347125,0.004866160196041389,0.0017204474364804628,0.9110091963880002,0.03311037291922996,0.011706284609401464,0.140443108631
75,0.033793098661375004,0.004928391517629252,0.001742449531228952,0.90909297279525,0.033104419622343007,0.011704179801101873,0.144197459578
76,0.034820063038,0.00500322812535323,0.0017689082676302632,0.906728558383625,0.0331927043395939,0.011735393162223494,0.148779315992
77,0.035810870445000004,0.005074450356144912,0.001794089128812279,0.9044584044125001,0.03323835855983722,0.011751534366585412,0.153211766371
78,0.03662435158875,0.005132297687863912,0.0018145412490783053,0.9025630717245,0.0331564377203782,0.011722570976034428,0.156859942796
79,0.03733196959575,0.0051819487583121574,0.001832095553381868,0.90097397719275,0.033150822410875136,0.011720585664320389,0.160039712372
80,0.038277535095250004,0.005247587434337237,0.0018553023298445884,0.8987633699667501,0.033125760826176555,0.011711725056076566,0.164297784726
81,0.039187243614375,0.0053102543446288605,0.0018774584284561963,0.89667243567625,0.03319082085380354,0.011734727249436177,0.168404596532
82,0.039962203824624995,0.005362861014701195,0.001896057695028092,0.894812865338375,0.03314280447607171,0.011717750896285082,0.171910542991
83,0.04074464344775,0.005415669101568815,0.001914728173190883,0.8929835819505001,0.03314204760536146,0.011717483302079234,0.175457772933
84,0.041693537094,0.005479029652347437,0.0019371295107485224,0.8907769721967499,0.03318825980911993,0.011733821783404827,0.179769961794
85,0.04257851113525,0.0055375815734225635,0.001957830740970383,0.8887513298345,0.03310899477640488,0.011705797362332935,0.183801313933
86,0.0435906316465,0.005603767515092914,0.0019812310050575438,0.8863653042047499,0.03305724948904004,0.011687502640537872,0.188423784761
87,0.044465477228375,0.00566041705604062,0.002001259642335158,0.884240248646625,0.03303995391967648,0.011681387733347143,0.192429075506
88,0.045206247131,0.0057079624543311305,0.0020180694791078757,0.8824537105806252,0.03305874111674008,0.011688030010568723,0.19582864941
89,0.046158346692249996,0.005768663321356281,0.002039530476456569,0.8802715108404999,0.03300988850559042,0.011670758004257426,0.200208358312
90,0.046985564031249996,0.005820994157935066,0.0020580322211615812,0.8782780957528751,0.03297771242676498,0.011659382042492695,0.20402221695
91,0.04786334759675,0.005876022924746597,0.0020774878282479644,0.8761520885683751,0.032946265664531356,0.011648263933081817,0.2080794537
92,0.048733163713125,0.005930131819185563,0.0020966182113381143,0.8741057453885,0.032956788284241895,0.011651984240958403,0.212109487703
93,0.04974880209862499,0.005992545849554228,0.0021186849033955476,0.8718022699746251,0.03292268760700118,0.01163992783089842,0.216827508172
94,0.05066197786275001,0.0060482593836782336,0.0021383826122870235,0.8695303358006251,0.03287966716443123,0.01162471780756299,0.221079958833
95,0.051692235809249996,0.006110627996999851,0.0021604332469934823,0.86705029439775,0.032761225216410915,0.011582842255251937,0.225891034616
96,0.052514130452125,0.006160120426020422,0.002177931463082402,0.8650414644375,0.03285282188697797,0.011615226568697973,0.229739102698
97,0.053331725738375,0.006208905925116915,0.002195179741699752,0.8631869966905,0.032645409503410265,0.01154189521723658,0.233576491656
98,0.05455583577225,0.006281431676947818,0.0022208214671648944,0.86022843953975,0.03271406877575467,0.01156616993576961,0.23933832855
99,0.055434933234125,0.006333059813368676,0.0022390747698465005,0.8579880005305002,0.032648693987332354,0.011543056457663584,0.243488358582
100,0.05645099337537501,0.006392209652154651,0.0022599873959023276,0.8556231514991248,0.03257898857206926,0.011518411871754605,0.248297181932
101,0.057103454518,0.006430017768483567,0.002273354583622361,0.8539944341832499,0.03247712439560489,0.011482397446785636,0.251392729674
102,0.05785178107,0.006473107326315797,0.0022885890428931107,0.852260784372375,0.032433709258409577,0.01146704787782716,0.254950459434
103,0.058833350122625,0.006529271369082478,0.0023084460306426963,0.8498017336160002,0.03245075652782143,0.011473074997728077,0.259628118341
104,0.05962957325112501,0.006574667292363262,0.00232449591323773,0.8480099611338751,0.032348743911482764,0.011437008091338251,0.263432810669
105,0.060434237541999995,0.006620220433626837,0.002340601380783641,0.84599040499275,0.032213057361793876,0.011389035651637843,0.2672861484
106,0.061326670642875,0.006670517712635851,0.002358384154314894,0.84378543322725,0.03218554850137565,0.011379309800765621,0.271570788844
107,0.062314160191750005,0.006725863469149769,0.0023779518341853394,0.841395664240875,0.03208345740014967,0.011343215145777776,0.276324522523
108,0.063257000562625,0.006778275324273775,0.002396482223271715,0.839149403875625,0.03209850123106446,0.011348533943205211,0.280876223521
109,0.064030422548875,0.006821089164680988,0.0024116192017120046,0.8372874825147499,0.0320862290531798,0.011344195073104127,0.28461893372
110,0.06497303299900001,0.006873001652224665,0.0024299730376972028,0.835034078815,0.03195547381802548,0.011297966116377494,0.289192274468
111,0.065949419284125,0.006926552519228693,0.0024489061282956864,0.8326020142791248,0.03182067825099364,0.011250308686616445,0.293942480802
112,0.06670562381049999,0.00696762500864627,0.002463427446189377,0.83070886837325,0.03178364793032328,0.011237216491188683,0.297630933753
113,0.06763816615349999,0.007018211787974332,0.002481312573540007,0.8284847729096251,0.03167196813057934,0.011197731719328436,0.302190782441
114,0.068693104580625,0.007075283878172689,0.0025014906045378814,0.825991583639375,0.03155477561986535,0.011156297909813364,0.307364290011
115,0.06956687026012501,0.007122072955054117,0.0025180330413120395,0.8237819487282502,0.03152066962685058,0.011144239620343444,0.311661253428
116,0.07054758007300001,0.007174353680310331,0.0025365170689890496,0.821396629646875,0.031398072171199005,0.011100894874219721,0.31649744138
117,0.071676677707125,0.007234340980031329,0.0025577257821979434,0.8187078433536249,0.03143015892543097,0.011112239254971564,0.32208305214
118,0.072558601583625,0.0072809519388824006,0.002574205244738543,0.81641864459875,0.031230746467951032,0.011041736304502996,0.326459568605
119,0.073472813597875,0.007329158482129446,0.0025912488315523174,0.8143244710466251,0.031151025778676456,0.011013550784509536,0.331008290759
120,0.074575434537,0.007386930345874713,0.0026116742698603494,0.8116355323773751,0.031073258852319537,0.01098605602402003,0.336511000872
121,0.07580406416350001,0.007450936044813932,0.0026343037017376022,0.8085470673762502,0.030851729541800637,0.010907733585170283,0.342664656892
122,0.0770113529605,0.007513346024259009,0.002656368961577266,0.805682477439125,0.030773430462194364,0.010880050680095153,0.348732766326
123,0.078001918893875,0.007564480458500575,0.0026744477141794403,0.8032141045072501,0.030612811234230514,0.010823263207454059,0.353728860168
124,0.07881925021700001,0.007606512159582741,0.002689308164609443,0.801175852942625,0.030603990758478212,0.010820144698345188,0.357862646605
125,0.07984467172925,0.007658987481044171,0.0027078609924346035,0.7987945165815,0.030453303229824924,0.010766868611669696,0.36306356569
126,0.080827755508,0.007709137698227489,0.002725591771758755,0.7963990499158751,0.030366859142203755,0.01073630601139449,0.368063517257
127,0.08174246118425,0.0077555184006434285,0.0027419898263560077,0.794151123468,0.03018753386505511,0.010672904951639507,0.372729654343
128,0.08268359617,0.0078030922259339965,0.0027588097135909802,0.7917800606785,0.030119584868616385,0.010648881353561186,0.37754497564
129,0.08367840913112501,0.007853195050120707,0.00277652373696049,0.789424661451,0.029934044489566342,0.010583282923456082,0.382649912541
130,0.08486226301199999,0.007912781592739079,0.0027975907611369464,0.786637656675625,0.02980696864075198,0.010538354826245246,0.388745081466
131,0.085885206575,0.007963917886666016,0.002815670171237189,0.7840615377605,0.029749297614307398,0.01051796503930677,0.394029509732
132,0.08673861911575,0.008006503893964647,0.00283072659850945,0.782033444315125,0.02959293376523567,0.010462682070301245,0.398451408178
133,0.08777306379675,0.008058104068815118,0.0028489700152830397,0.7795235773417499,0.029451733643026473,0.010412760288342,0.403827394805
134,0.08884477633612499,0.008111277499179996,0.0028677696618780177,0.7768747035347501,0.029414896957914147,0.01039973655342232,0.409415194825
135,0.089859607637625,0.008161398591843382,0.0028854901441293973,0.774436268948125,0.029224969744821725,0.010332587143267563,0.414723453074
136,0.091084415199125,0.00822167433999905,0.00290680083926038,0.77158732038675,0.02900104147296441,0.010253416543502716,0.421152275421
137,0.09224406296812498,0.008278376980858813,0.002926848250191942,0.768769920085875,0.028859089456541934,0.010203228926794998,0.427261346553
138,0.093212893393,0.008325853184738708,0.0029436336230461765,0.76647385209275,0.028819151654255734,0.010189108781383868,0.432383112667
139,0.094561582773,0.008391728347714808,0.002966924010272261,0.763159730981,0.02856908151066487,0.010100695634231173,0.439537076545
140,0.09573190085062501,0.008448745859341097,0.0029870827448309272,0.7603916837639999,0.028405959428063208,0.010043023268846717,0.445770420217
141,0.096750677368125,0.008498201216536997,0.003004567854050539,0.7578829270966252,0.028257757832234543,0.00999062609215016,0.45121529169
142,0.098018482964,0.008559386386257455,0.0030262000782592317,0.754957643685125,0.02804627584813164,0.009915855919621186,0.458015950498
143,0.09897744787087501,0.008605601884940394,0.003042539724516544,0.75270035096925,0.027919217773905058,0.009870934106676126,0.463178331072
144,0.09988202769974999,0.008649239681760453,0.0030579680155402964,0.7505082395143751,0.027867130110414834,0.009852518336641075,0.468061094217
145,0.10140504614162502,0.008722282475534292,0.003083792542937442,0.7469490215665,0.027641945591434406,0.009772903586446429,0.476314612198
146,0.102687474036125,0.008783672703267548,0.003105497266101828,0.74391529809375,0.027426421232104984,0.00969670421845007,0.483295590222
147,0.10407490518425001,0.008850032548146916,0.003128959014258172,0.740518643525625,0.02734088292574037,0.009666461860209254,0.490880106842
148,0.105562895592375,0.008920838992252263,0.0031539928726474708,0.737044455286625,0.026973566790343108,0.009536595995119935,0.499052830777
149,0.10683646947875,0.008981278791092529,0.0031753615684542223,0.73409939704625,0.02688326241673749,0.009504668577646265,0.506078218805
150,0.10790050110600001,0.009031440506408273,0.003193096412982078,0.7315650087225001,0.026696079165427298,0.009438489304483275,0.511969671612
151,0.10906235988275,0.009086369120787592,0.0032125166108364768,0.72889428668025,0.02647798941086549,0.009361382932304292,0.518425838513
152,0.109853503524,0.009123696608697258,0.0032257138707492685,0.727108712396875,0.026457070664533202,0.00935398703861155,0.522836033155
153,0.11113692208087497,0.009184082184160306,0.0032470633956971553,0.7241103116034999,0.02619595430369094,0.009261668463896394,0.530013995346
154,0.11245823903437499,0.009246180721905577,0.00326901854426788,0.721036685368,0.025951548353615482,0.009175257911566044,0.537434731553
155,0.113568093228625,0.009298159305971629,0.00328739574890267,0.718452060605,0.0258104091642509,0.00912535767262061,0.543692504486
156,0.11512083736837499,0.009370820419145543,0.0033130853318295893,0.7148576374865,0.025576740509109394,0.00904274332731996,0.552484787074
157,0.11622853190687499,0.009422475649879644,0.003331348213797509,0.712293887674,0.025465134274487086,0.009003284564657895,0.558783899008
158,0.117276061395125,0.00947132466339172,0.0033486189481518394,0.7099530183171251,0.025292490917766017,0.008942245920525758,0.564761002132
159,0.11893455855300002,0.00954862878978623,0.0033759500841454696,0.7061621926931251,0.025143039314818472,0.008889406799574054,0.574266957857
160,0.120033795825125,0.009599765705767111,0.0033940297141749937,0.703635666456375,0.024884466220238082,0.008797987405268961,0.580594996095
161,0.12120351540025,0.009653947874502465,0.0034131860036410748,0.700995881944875,0.024761463911139817,0.008754499521836467,0.587353712057
162,0.12235487334624999,0.00970729533262867,0.0034320471783411276,0.698413247137875,0.024574752893800348,0.008688487208594978,0.594031476819
163,0.12372444835862499,0.009770637042151545,0.003454441854508914,0.695277058116125,0.02433643954458069,0.00860423071595473,0.602006862917
164,0.12496600893975,0.00982796234376588,0.003474709409261444,0.6924649888992499,0.024135980758147834,0.00853335783233718,0.609268084801
165,0.126218880544375,0.009885668128367915,0.003495111485064339,0.6896848397636249,0.023922449238525063,0.008457863039576016,0.61662487917
166,0.12740898161224998,0.009940399067789592,0.003514461794267228,0.687064334649625,0.023783051270994802,0.00840857841551388,0.623641378357
167,0.12854155272712503,0.009992337031192781,0.003532824637328935,0.684567667088875,0.023696747164534793,0.00837806530605282,0.630343459872
168,0.129628650076375,0.01004214917319169,0.0035504358890253627,0.6821174962059999,0.023541565811023738,0.008323200412362135,0.636799705535
169,0.13069579701474998,0.010091024901188092,0.0035677160683762047,0.6798004145287501,0.023318172287342703,0.008244218874628126,0.643159766635
170,0.131716414134,0.010137752378452537,0.0035842367263969194,0.6775310520017499,0.023145538687695595,0.008183183680142569,0.649263299178
171,0.133054765113875,0.010198759367967518,0.0036058059543898294,0.6745339967115002,0.022996510305462233,0.008130494190309335,0.657297723566
172,0.13426011168337498,0.010253713683894198,0.003625235239113441,0.6719097928470001,0.022851447140998963,0.008079206616663155,0.664563406807
173,0.13536680815262497,0.010304184960471273,0.003643079530074837,0.6695264370215,0.022686721070334717,0.008020967155860703,0.671260121402
174,0.136547409329375,0.010357985001901689,0.003662100717136619,0.6669545902980001,0.022470016869389407,0.007944350650860682,0.678431065198
175,0.138176581183375,0.010432153315480443,0.003688323175876973,0.663418688554125,0.02221665463171262,0.007854773572681755,0.688371331884
176,0.139438743222375,0.010489432534661109,0.0037085744380288325,0.660649747364,0.022010435771027514,0.007781864195282255,0.696109288243
177,0.1406724644865,0.010545331775869566,0.003728337804289674,0.6579927135453749,0.02194655735001397,0.0077592797629471725,0.703703649598
178,0.141761963019375,0.0105945571585987,0.0037457416052568103,0.655646537542125,0.021726080738099673,0.007681329509258355,0.710435890681
179,0.143004032068375,0.010650743867880924,0.0037656066068298194,0.6530584606332501,0.021556111258699665,0.007621236223519109,0.718140842574
180,0.144553772645625,0.010720611624937955,0.00379030858923048,0.6496985607385001,0.021324924487565254,0.007539499356724226,0.727797612597
181,0.14605437075412497,0.01078833583804602,0.0038142527144000974,0.64662336863625,0.02113260900384679,0.007471505565391978,0.737195271879
182,0.14736613097075,0.010847361286349402,0.0038351213617790463,0.6438377287246251,0.020955863976724994,0.007409016761782567,0.745447079101
183,0.148556499156,0.010900913500541128,0.003854054928680308,0.6413049617575,0.02086443732885558,0.0073766925604377585,0.752966662535
184,0.14954329152012497,0.010945226721355108,0.0038697220181471994,0.6392442569104999,0.020804938327784267,0.007355656486872082,0.759222220085
185,0.15082908686075,0.011002833649003875,0.0038900891427390825,0.636549330567375,0.020591251517139437,0.007280106790443539,0.767403592719
186,0.152079935558625,0.011058732659957693,0.003909852427592615,0.63398419452425,0.020388536937563102,0.007208436363511637,0.775395974577
187,0.153224917902,0.011109891688551051,0.0039279398756112555,0.631609767143625,0.02019948707762147,0.007141597144538089,0.78274005229
188,0.15470854343137502,0.011176151050971602,0.003951366097853589,0.6285711249322501,0.02004510925170879,0.007087016340754243,0.792297858696
189,0.15597319199325,0.011232424200699514,0.003971261660739256,0.625906738887375,0.01993306478451146,0.00704740263947941,0.800481900004
190,0.157128520524,0.011283750300474385,0.00398940817734059,0.623546507626,0.019736360448214328,0.00697785715443716,0.807988551348
191,0.15865092898475,0.011351397547200177,0.004013325090784794,0.62046630724475,0.0195483699934939,0.0069113924917715815,0.817924488379
192,0.159985561207625,0.011410725461471588,0.004034300676032278,0.617786553043875,0.019394303462148068,0.006856921747237317,0.826674232134
193,0.161740445507,0.011488468293903771,0.004061786918033001,0.614234313752,0.019191882729373225,0.006785355210838396,0.838238715346
194,0.16300427168775,0.011544283142554878,0.00408152044701905,0.611714515567875,0.019002822766352075,0.00671851241988683,0.846609568177
195,0.164358095195875,0.011604109117146068,0.004102672123181313,0.608986892194625,0.018924700264929532,0.006690891944627262,0.855613417995
196,0.165929068216125,0.011673200553319505,0.00412709963470139,0.605920589931375,0.018616939515139413,0.006582082088047437,0.866112409339
197,0.16722056728275,0.01172995131495815,0.004147164058897484,0.603346698223875,0.01865324986787582,0.006594919736371031,0.874784517343
198,0.16842516906525,0.011782833686575829,0.004165860800685528,0.601018117841,0.018381070367719105,0.006498689751240642,0.882905860284
199,0.169812253321625,0.011843787883299489,0.004187411363608067,0.598292841717625,0.018320818121706887,0.0064773873653721625,0.892295945425
200,0.17101705055599997,0.01189644870335995,0.004206029775091866,0.5958783544653751,0.018154406464462116,0.006418551959719028,0.900487788849
201,0.172279099594,0.011951530506969317,0.00422550413351795,0.5934792010473748,0.018002398824366366,0.0063648091431670935,0.909104458545
202,0.173822052552375,0.01201890531648207,0.004249324725861759,0.590484069978375,0.017860276813194558,0.006314561424239366,0.919686983994
203,0.17507795519,0.01207370114431036,0.004268697976580816,0.588050061015125,0.01770218081041963,0.006258666046419046,0.928340394866
204,0.1764695190835,0.012134205492754655,0.0042900894941189345,0.5853405423674999,0.017606199726626973,0.006224731608811335,0.937969471398
205,0.177796894976625,0.01219174381636682,0.004310432363521068,0.582848878988375,0.017458425815527194,0.00617248564150078,0.947196436959
206,0.178931235744,0.012240919754524288,0.0043278186831922465,0.5807046957635,0.01738042755880211,0.006144909093375261,0.955112568108
207,0.180167087113875,0.012294446747446428,0.004346743333028131,0.578316696303375,0.017192705778321334,0.006078539421398077,0.963770729836
208,0.181508160182,0.012352500569314624,0.0043672684585865295,0.5758028305308749,0.01708382559894371,0.006040044464810715,0.97320647137
209,0.183040178781125,0.012418527388048387,0.004390612464219939,0.572965495830375,0.016966592501691562,0.005998596305787467,0.984036002638
210,0.184081451239125,0.012463345159709935,0.004406457939349714,0.57102837063875,0.016839941166020826,0.005953818296637911,0.991427416704
211,0.185156614273375,0.012509576802673214,0.004422803293472079,0.569048031682,0.016781451740171576,0.005933139161815055,0.999085805157
212,0.18673808564475,0.012577401451707224,0.004446782928103852,0.5661056948811249,0.01666312579663502,0.005891304623282557,1.010399375977
213,0.187953718132875,0.012629360943935507,0.004465153382754667,0.5638761105397501,0.01651791097066114,0.005839963429195079,1.019135989582
214,0.18938891483,0.012690646201074171,0.004486820993209422,0.561216404129375,0.016440061409879907,0.005812439453024677,1.029494970257
215,0.19097975594662503,0.012758566239361592,0.0045108343530351645,0.5584036894359999,0.01634416323010578,0.005778534326413811,1.041035350905
216,0.192202023251875,0.012810579638859029,0.004529223866783766,0.5561314708951249,0.016245331601553926,0.005743592069041448,1.049941156438
217,0.19340635812200002,0.01286163279131963,0.004547273881936686,0.553923579366125,0.016085485857004506,0.005687078064084095,1.058751760807
218,0.194644031582,0.012914052136076831,0.004565806919008273,0.5516739320424999,0.01601840835930064,0.00566336258733838,1.067843263718
219,0.195885559830375,0.012966531418167844,0.004584361147127451,0.54949827503775,0.015940843695448275,0.005635939337443149,1.076999793104
220,0.19696889261550002,0.013012202705241446,0.004600508385525082,0.5474749370597499,0.015846001808036834,0.005602407666578569,1.085019130802
221,0.19801171642725002,0.013056108352276535,0.004616031375900529,0.5456822368395,0.01578568101909181,0.005581081047123794,1.092766963078
222,0.19949856593724996,0.013118478516748154,0.00463808255902133,0.5430262447655,0.015675952721248027,0.005542286235377096,1.103859591547
223,0.2004895868705,0.013160098776194805,0.004652797542866066,0.5413055912265,0.015621257420201207,0.005522948526242473,1.111281967879
224,0.202023566254875,0.013224206334173354,0.004675462987352037,0.538654468545875,0.0155349822876018,0.005492445660588068,1.122818473768
225,0.203195075200625,0.013273075524798414,0.004692740855393075,0.5365251947263749,0.015501575408068728,0.00548063454506001,1.131667469462
226,0.20425931497662503,0.013317239589759269,0.0047083552103023675,0.53464228094925,0.015404091657973044,0.005446168834685934,1.139736265019
227,0.205577938381375,0.013371972841440035,0.004727706337012297,0.5324554394083749,0.015350078476754552,0.005427072291329407,1.149772831902
228,0.20707933917524998,0.013434088975349336,0.004749667706766477,0.529776737825625,0.015256282806025466,0.005393910513920168,1.161252442555
229,0.20850103154487498,0.013492830827947905,0.004770436087922431,0.5273788678805,0.015154092100460963,0.005357780643480719,1.172174221461
230,0.209655636761375,0.01354033989539788,0.004787233079803293,0.5254180489106249,0.01510252806234341,0.005339550002971577,1.181082886801
231,0.2108847962585,0.013590777085752976,0.004805065319465337,0.523336373891,0.01502761197946963,0.0053130631678615856,1.190602587798
232,0.21225383922712499,0.013646929912274008,0.004824918341673244,0.5210126620935001,0.014898883639953802,0.0052675508269603225,1.201250950844
233,0.21369997958912498,0.013706062928362874,0.0048458250200074686,0.5186199027477499,0.014892868267966576,0.005265424071798559,1.212550694049
234,0.21526409293424997,0.0137697339002535,0.004868336108001768,0.5159673832170001,0.014868538546906186,0.005256822216425469,1.224830548461
235,0.21646940529712497,0.013818768530314997,0.004885672467716497,0.513968041961375,0.014780382905454796,0.005225654490490406,1.234337121107
236,0.21799175576325,0.013880321167841535,0.004907434611413963,0.5114086544428751,0.014719736446142185,0.005204212729172955,1.246397240466
237,0.21961040045062502,0.01394557367303562,0.004930504855870038,0.5087301787265,0.014631325039035423,0.005172954576423237,1.259285620865
238,0.22041407485725004,0.013977903629882606,0.004941935221731024,0.507455521906,0.014567430349457705,0.0051503643922821305,1.265709733062
239,0.221160348226625,0.014008024588755833,0.004952584588868574,0.506175187083875,0.014530833369120573,0.005137425405798462,1.27169060228
240,0.222246193669625,0.014051663523866931,0.004968013282338982,0.50445439832525,0.014524200074704605,0.005135080182066893,1.280417873371
241,0.223721870583125,0.01411062944464875,0.004988860883560849,0.5019961697061249,0.014512305923128821,0.005130874964449044,1.292328626635
242,0.224884002729125,0.01415690647105916,0.005005222283154824,0.5001236929773749,0.014496789180819755,0.005125388967594712,1.301748545497
243,0.22620503610175,0.014209260219441164,0.005023732128405549,0.4980194747962501,0.01444614266941244,0.005107482721764935,1.312499482965
244,0.22748566109262502,0.01425998220457417,0.005041665058226944,0.495950180405625,0.014368885782972173,0.005080168287617298,1.322965467462
245,0.22893134575650004,0.014317172461099757,0.005061884867330464,0.49362365746099995,0.01435466351359467,0.005075139956056952,1.334833211651
246,0.2301249504565,0.014364127838401113,0.005078486100181945,0.491796271216875,0.014278481218071248,0.005048205447171467,1.344674060655
247,0.231291948211,0.014409867838907405,0.005094657632446683,0.48988936001212496,0.014254975993449619,0.005039895095309834,1.354330773212
248,0.232624031154625,0.014462085581032744,0.005113119392224222,0.48778443701299995,0.014240012397663631,0.00503460466528423,1.365399379241
249,0.23368829844562497,0.01450354823676861,0.005127778654742639,0.48612464027475,0.014192144742295038,0.005017680893428914,1.374277039345
250,0.23501932953662502,0.01455537645887458,0.005146102698396627,0.484028748045625,0.014148367646664427,0.0050022033528383855,1.385422434221
251,0.23620174248062503,0.014601310903084508,0.005162342976892063,0.4822643965165,0.014196979456441564,0.0050193902230079674,1.395364398436
252,0.23737874881237503,0.014646726331897097,0.005178399755734002,0.480444688313375,0.014106061200259278,0.004987245765267892,1.405297880464
253,0.2386499156315,0.014695736195460208,0.005195727359169253,0.478439102325125,0.014110013361648027,0.004988643065327056,1.416068260247
254,0.23986277692524996,0.014742357651440377,0.005212210533005437,0.47657878666375,0.014066001765644178,0.004973082616334474,1.426385798813
255,0.241380982653,0.014800468785638237,0.005232755921532312,0.4743181734885,0.014074555964056113,0.0049761069821868216,1.439357425214
256,0.24276471843362502,0.014853185662883777,0.005251394152223961,0.4721356174845,0.014016996431994718,0.004955756614465553,1.451234315631
257,0.24400327605324998,0.014900214811322714,0.005268021467111262,0.470283227997625,0.014011672374168749,0.004953874275769467,1.461912011822
258,0.245295201432,0.014949168584172837,0.005285329239484756,0.46830361035487494,0.013954805284506924,0.004933768723406357,1.473094994073
259,0.24688743314,0.01500924475938925,0.005306569374926394,0.4659388384685,0.014010541216163897,0.004953474351021555,1.486942163295
260,0.248174038869875,0.015057508435328744,0.005323633161197297,0.46407283901624996,0.013962479330718137,0.004936481908463901,1.498182622554
261,0.24985994528075,0.015120468755639936,0.005345892995916158,0.461588487989625,0.013984091126466001,0.0049441228321273675,1.512980488723
262,0.25120224214375003,0.01517042981464706,0.005363556897725758,0.45953102665975004,0.013908713432682785,0.00491747279291521,1.52482083628
263,0.25288443894325,0.015232705085739491,0.005385574530970601,0.45713112465024996,0.01391122125058583,0.004918359440437821,1.539732680964
264,0.25444909998437504,0.015290422122230248,0.005405980584916904,0.45481860601087504,0.013938486172266128,0.004927999045942152,1.553672685749
265,0.25611333585437496,0.01535138941326034,0.00542753577737588,0.4523930879179999,0.01387844160182932,0.004906770084477502,1.568577897297
266,0.25757854088175,0.015404957026056555,0.0054464747885059695,0.4502991343406249,0.013892520901429773,0.00491174786858842,1.581766505796
267,0.25900008190375,0.015456646308942534,0.005464749709727643,0.44827236547375,0.013934076985910896,0.004926440163156502,1.59462084797
268,0.26019852969687496,0.01549996770514514,0.0054800661362403085,0.446569757142125,0.01383691788701755,0.004892089234315772,1.605504117428
269,0.261480244870625,0.015546300765445258,0.005496447346805978,0.4446995024682501,0.013852778958180188,0.004897696969803763,1.617188677724
270,0.2627610423855,0.015592323513596034,0.005512718845459105,0.44294401190450006,0.01389729512398169,0.004913435811159097,1.628914060589
271,0.2639650182185,0.015635360601039792,0.005527934753646105,0.44122793608675004,0.0138625746228749,0.004901160260269694,1.639978922617
272,0.265392726411,0.015686191459323838,0.005545906175939195,0.439239267622625,0.013853921418773634,0.0048981008906201955,1.653155469113
273,0.26709192114125,0.015746394413173836,0.005567191134396593,0.43686291912775,0.013879971175768715,0.004907310870529938,1.668915779014
274,0.26844276932962496,0.01579393669859727,0.005583999870604601,0.435009310472125,0.01386412899849523,0.0049017098150405175,1.681506696837
275,0.269770366900125,0.015840531297335654,0.0056004735489718896,0.43315263252787506,0.013847319344609602,0.004895766704914554,1.693933889896
276,0.27122773059987504,0.015891584359719723,0.005618523532277947,0.4311656876568749,0.013852482332694892,0.004897592096857701,1.707635416316
277,0.272608404832625,0.01593965495106294,0.005635519052835165,0.429257742114625,0.013859514844541945,0.004900078465265614,1.720675050616
278,0.274169652695375,0.01599377224929916,0.005654652407116329,0.427123515028625,0.013880310742042039,0.004907430925337202,1.735490081468
279,0.27588890301075,0.01605303283491431,0.0056756041880891075,0.424824198980375,0.013883448919939754,0.004908540438773225,1.75189133632
280,0.2778780053785,0.01612117575596566,0.005699696348871742,0.422116321011,0.01385813166602033,0.0048995894378095015,1.770975894196
281,0.279370983947875,0.01617191262458844,0.0057176345408014115,0.42017373972225003,0.01385506033579776,0.0048985035585956795,1.785379793045
282,0.28076131041525,0.01621888901296218,0.0057342432021887735,0.41833719142137493,0.01390007379802136,0.004914418220787176,1.798854296767
283,0.28240927868725,0.016274318973842555,0.0057538406527984825,0.4161996730315,0.013914600111567518,0.004919554048194241,1.81490373344
284,0.28369374276362497,0.016317267241211093,0.005769025158346736,0.41444894202,0.013923959975818799,0.004922863259935774,1.827470661838
285,0.28497771814612505,0.016359907310430546,0.005784100699394406,0.41277748878975,0.013881953251517178,0.004908011640131219,1.840084185321
286,0.28638366963,0.01640663592423164,0.005800621759241505,0.41097496826125,0.013862406674651622,0.00490110088160591,1.853955935433
287,0.28759642868150004,0.016446639603384175,0.00581476519564209,0.40938672857612496,0.013917541041915941,0.004920593824090424,1.865970331911
288,0.28886800620937503,0.016488294821595913,0.005829492539276753,0.40777331070587497,0.013892319699138978,0.0049116767328363144,1.878617478161
289,0.29035722393325003,0.016537078965241935,0.005846740338669993,0.40588438642587493,0.013904950649804168,0.004916142448270409,1.893491618697
290,0.29155391491575,0.01657602681491647,0.005860510482978741,0.4043098648485,0.01393543904554601,0.004926921723958686,1.905495225465
291,0.292798827440125,0.01661627278330976,0.005874739581561899,0.40273999666925,0.013913239386420232,0.004919072959204752,1.918031873275
292,0.29393269867175004,0.016652656809226816,0.005887603277288308,0.40126814422062496,0.013983229195795617,0.004943818093616397,1.929493122159
293,0.2951064412295,0.016690216664139716,0.005900882691342956,0.399826463224,0.013943156866923507,0.004929650385874693,1.94140128041
294,0.296657963732,0.016739787260982176,0.005918408543930339,0.39786900479,0.013946528280032185,0.004930842360410357,1.957208332673
295,0.298038546359625,0.016783651687264027,0.005933916960568717,0.39616883883899995,0.013975217113148773,0.0049409853946308915,1.971339338618
296,0.299673097522875,0.016835101934822447,0.005952107370039859,0.39414615499925004,0.013948467640354095,0.004931528027827751,1.98814895013
297,0.300962146052125,0.016875539838070403,0.005966404327841656,0.39250426088100004,0.014005271476875759,0.004951611216828691,2.001467026461
298,0.30221643510875,0.016914606449947526,0.005980216460929805,0.391023117496125,0.014021503069794796,0.0049573499515399464,2.014478617838
299,0.303593696270125,0.016957306982920375,0.0059953133791424956,0.3893541105615,0.0139956104330719,0.004948195522035167,2.02882335505
300,0.304922629026625,0.016998230396499107,0.0060097819907679075,0.38772652769037497,0.01400475696371473,0.004951429308956104,2.042723295513
301,0.306133101678125,0.017035365990317814,0.0060229114058742055,0.386247826089625,0.014037294527569515,0.0049629330749786085,2.055435389378
302,0.30747325702425,0.017076207687334827,0.006037351126332154,0.3846463630795,0.014048005515257896,0.004966719980992439,2.069565310523
303,0.308698642491,0.017113388414410964,0.0060504964984546454,0.38313279936300004,0.014033558696468993,0.0049616122592263355,2.082537124572
304,0.30995377811675,0.017151319291827373,0.006063907088773394,0.38165527342975,0.014076133031282554,0.004976664559651923,2.095875895796
305,0.31135901598524995,0.017193437004974308,0.0060787979490605284,0.37995832979812505,0.014059117145640891,0.004970648535589366,2.110872869935
306,0.312596600546125,0.017230397486940205,0.006091865452777533,0.37848109818625,0.014083048208699031,0.0049791094440740724,2.124135087824
307,0.31384096901675,0.017267349239787202,0.006104929870284953,0.37708654528975005,0.014070978502894191,0.004974842158663308,2.137522347905
308,0.315031649945625,0.017302519024242125,0.006117364266825426,0.3756546151215,0.014099030472044362,0.004984760027469169,2.150378456938
309,0.316582814286625,0.017348052442521227,0.006133462761243304,0.37383030306924997,0.014057656687347049,0.004970132185607758,2.167201416914
310,0.317967554731625,0.017388521259423185,0.00614777064867229,0.37226715654850007,0.014093557154751041,0.004982824917582323,2.182287974563
311,0.31926392532400005,0.017426140990515544,0.0061610712321532,0.370762226986625,0.014136810031139707,0.004998117118682447,2.196470209574
312,0.32071620366599995,0.017467905930650746,0.006175837368345926,0.36907196508237505,0.014085685005792273,0.004980041692626695,2.212425140794
313,0.322327314475625,0.017514179225276344,0.006192197448554728,0.3672468098415,0.014116841675204642,0.004991057238737031,2.230210333028
314,0.324236432312125,0.01756847950269054,0.006211395495744672,0.3650409943465,0.01411724899095614,0.004991201246602016,2.251401421361
315,0.325857061108625,0.017614303172256852,0.006227596609489267,0.363254275928125,0.014118410533763094,0.0049916119139997335,2.269490805834
316,0.3271344050965,0.017650211436745063,0.006240292098149395,0.36178852097275005,0.014100352278644177,0.004985227356674242,2.283812160209
317,0.32885518005562503,0.017698293411269196,0.006257291643268821,0.359906352448625,0.014099449056976354,0.004984908019591126,2.303194620757
318,0.3299867421235,0.01772960862205748,0.006268363242220161,0.358607148508375,0.014156392130528148,0.005005040436316165,2.315996536408
319,0.33129901523412497,0.017765666393264778,0.006281111589487739,0.35715516526725,0.014189351777420473,0.005016693431227704,2.330900009071
320,0.332927024883875,0.017810163125617017,0.006296843560081194,0.35539159747175,0.014140746271706079,0.004999508789880878,2.349472752139
321,0.33429597649475,0.017847418209458996,0.006310015221290362,0.3538676563365,0.014189488334887547,0.0050167417115831985,2.365163673954
322,0.33547186686525,0.017879185356489698,0.006321246603832542,0.352613402309375,0.014203439808392433,0.005021674302344623,2.378694316325
323,0.33670108816025,0.017912101187835056,0.00633288410760889,0.35125820572775,0.014174890809474016,0.0050115807069789735,2.392890773402
324,0.337842036321,0.017942527538796715,0.006343641447154766,0.350001357375,0.014188326581246575,0.005016330969644398,2.406117329771
325,0.33922894416775,0.017979258658691426,0.006356627859133828,0.34850730185575,0.014152165037928986,0.005003545933395379,2.422258045552
326,0.340438081553375,0.01801121729006683,0.006367926941615323,0.34721876242937505,0.014217593614104447,0.0050266784283439035,2.436385705969
327,0.34148260212274995,0.018038549374919374,0.006377590292886924,0.34609459749925003,0.014209090087064112,0.005023671977526792,2.448632785391
328,0.34286273097174996,0.018074645730945194,0.006390352281947914,0.34462775156400005,0.014198213456512197,0.005019826507916932,2.46487542214
329,0.34446397604375006,0.01811610584287246,0.006405010645094175,0.34294139570075005,0.014200849871321775,0.0050207586213118684,2.483807767805
330,0.345728919410625,0.01814874418597687,0.006416550041962087,0.34158774977787504,0.014171454847399654,0.005010365910937633,2.498830307549
331,0.3470498493195,0.018182496268338885,0.00642848320512076,0.340229000420625,0.014173570171858883,0.005011113791072398,2.514579319842
332,0.348193168378125,0.018211736991053787,0.006438821361780011,0.33902968527362504,0.01419142737489671,0.005017427265752934,2.528263884705
333,0.34923166912525,0.01823801200902729,0.006448110983472443,0.337908200436375,0.014205716604557588,0.005022479271348503,2.540735114111
334,0.35033234708212496,0.018265682566096682,0.0064578940027439306,0.33682996510950003,0.014220343458178597,0.005027650645039922,2.55399661948
335,0.351918296530375,0.018305370945439922,0.0064719259638278855,0.33518906727387504,0.01422516023094995,0.0050293536313849516,2.573182302253
336,0.35337162899674995,0.018341384455631073,0.006484658662463132,0.33368522800025,0.014184159352702981,0.005014857631863434,2.590846054515
337,0.35461068633687504,0.01837201562730947,0.006495488417067874,0.332412809140875,0.014221787010548633,0.005028161017874848,2.605967816165
338,0.35588110012175,0.018403192178666282,0.00650651099250708,0.331126186551125,0.01421528503785735,0.0050258622233843,2.621531635551
339,0.357433168687,0.018441048721719484,0.00651989530165968,0.32958940744299997,0.014173040894782005,0.005010926663367304,2.640628675946
340,0.3590264702355,0.018479555926972317,0.00653350965463909,0.3279389114825,0.014232910211331997,0.005032093663226055,2.660327631967
341,0.360194311123125,0.018507450153908093,0.006543371753150212,0.32678323379150004,0.014221980843721062,0.00502822954825017,2.674827657476
342,0.36172277278949994,0.018543854360076214,0.0065562425836728075,0.32529621239925,0.014221257066000912,0.0050279736541831745,2.693884148154
343,0.363072024421125,0.01857579383801163,0.0065675348943906526,0.323927932539875,0.014215095228120376,0.005025795115508225,2.71078040876
344,0.364152508562,0.018601087369026447,0.006576477508041018,0.32285504739424997,0.014215151647316635,0.005025815062706357,2.724361984276
345,0.366097951809625,0.018646496674169857,0.0065925321218389555,0.320956529209875,0.014231222234884862,0.00503149687342993,2.748927536438
346,0.36770701166737496,0.018683733049281948,0.006605697168513238,0.3193470529475,0.014245095085948751,0.005036401666960763,2.769356288094
347,0.36912797092024996,0.018716279233904336,0.0066172039824373575,0.31799952023100003,0.01421856007318305,0.005027020123228014,2.787482444131
348,0.370624476831125,0.018750228071161647,0.006629206708956379,0.316547075486875,0.01420898260304741,0.005023633976188253,2.806654559923
349,0.37223909422325,0.018786436793956293,0.006642008425669478,0.31501797565,0.014230317284354048,0.005031176925101442,2.827439195721
350,0.3734831833115,0.018814198070889455,0.006651823519256397,0.313800501403125,0.014210462216760483,0.005024157098633277,2.843524572116
351,0.37494882959575,0.018846809972366985,0.006663353567597471,0.31241605509325,0.014203831636438775,0.005021812834478937,2.862553632436
352,0.376340865745625,0.01887755677709937,0.006674224204660515,0.311050266852875,0.014165439964306496,0.005008239328626024,2.880703905563
353,0.377612270472625,0.018905595748932174,0.006684137478220753,0.3098709008845,0.014184660918621098,0.00501503496219439,2.897349076671
354,0.37912663219324994,0.018938490227119513,0.006695767432515683,0.30844069446162503,0.014184074446465054,0.005014827612975132,2.917259270827
355,0.38067270995287494,0.01897185397632289,0.006707563299169441,0.30700334834975,0.01421102638024825,0.0050243565605472265,2.937681286225
356,0.38210835907937496,0.019002574869228038,0.0067184247750181085,0.30568392046975,0.014208030720823245,0.0050232974350004535,2.956730312911
357,0.38362035919799997,0.0190345174249489,0.006729718173897434,0.30426586357950003,0.0141767108239395,0.005012224179264174,2.976882195274
358,0.38551399525200003,0.01907442356761359,0.006743827125942034,0.302530261489125,0.01417404444425915,0.005011281471687577,3.002252234924
359,0.3869221586215,0.01910369089472722,0.00675417468867666,0.30122680192949997,0.01415453098178119,0.005004382420866279,3.021212499813
360,0.388289857149375,0.019131909099512234,0.006764151330654857,0.30001861195949997,0.014149054322335491,0.005002446129350128,3.03970529126
361,0.389810824517,0.019163135717704758,0.006775191607393586,0.298617821253375,0.014158263758076233,0.005005702156581718,3.060359774078
362,0.39125879655474993,0.019192610257414637,0.006785612430844189,0.29734141785775,0.014161548236259864,0.00500686339497987,3.080114930588
363,0.39338338171575005,0.019235259127461025,0.006800691083454062,0.29541463053237504,0.014124460970844605,0.0049937510665444725,3.109255940504
364,0.394358640434375,0.019254740035374834,0.006807578624498824,0.294565781391375,0.014149950101600616,0.005002762835146536,3.122694427879
365,0.395372153992125,0.019274777633781045,0.006814662985354687,0.293658048421875,0.014126273193899641,0.004994391784150092,3.136701771704
366,0.39661400072825,0.019299227374786516,0.0068233072741862985,0.29251925657187494,0.01415826138523087,0.005005701317654195,3.153924320291
367,0.39841327793500003,0.019334299607074282,0.006835707180827313,0.290959734650375,0.014117846439073831,0.004991412476409729,3.178992436512
368,0.39991059755187497,0.019363234309936795,0.006845937143130163,0.28962701065262497,0.014097900208021078,0.004984360418791471,3.199958377206
369,0.40109539065262495,0.019385960391730073,0.006853972026403077,0.28860919178462496,0.014098642525440701,0.004984622867632076,3.216615344216
370,0.402446522391125,0.019411603393190483,0.0068630381965143926,0.287435856448,0.014075263511273335,0.004976357137904475,3.235683714616
371,0.40374438349262504,0.019436095609451136,0.0068716975026164905,0.286299003468625,0.014059308818725828,0.004970716302258431,3.254074284559
372,0.40526089405925003,0.0194645982692985,0.0068817747146464525,0.2850181884765,0.014023499742788551,0.004958055882046794,3.275654450778
373,0.40681097546787504,0.019493525169430648,0.006892001918267526,0.28368983039025,0.014049630043105695,0.004967294338321141,3.297813703676
374,0.408087242904,0.0195169108135392,0.006900269992033313,0.282579684513375,0.014049706484201842,0.004967321364329864,3.316136115856
375,0.4092322468845,0.01953789331349136,0.006907688426034521,0.281620263861,0.014019926123913775,0.004956792416976929,3.332634763045
376,0.41051668156425003,0.01956120739223308,0.006915931197622216,0.280516783582625,0.014017717936809537,0.0049560117049391615,3.351209679177
377,0.41213032949087497,0.019590291442550534,0.006926213962224137,0.279194856539875,0.013996959036909633,0.004948672325494564,3.374648137257
378,0.413612832147375,0.019616679022245963,0.006935543380495006,0.277946168357125,0.01396273672609201,0.004936572911471056,3.396281569945
379,0.415048786714375,0.01964209858935221,0.006944530554632833,0.276751224142875,0.01398687501488225,0.004945107085315965,3.417328013576
380,0.41675323076637505,0.019672102878250275,0.006955138672705084,0.275337609910125,0.013963407143964188,0.004936809939982879,3.442426235995
381,0.418397340302875,0.019700594677618474,0.006965212044975814,0.273978286243625,0.013941178526864152,0.004928950937038962,3.466757634945
382,0.419926165643375,0.019726898130346743,0.006974511719872204,0.272706524277125,0.013912511876819448,0.004918815745718706,3.489491563042
383,0.42163270097037503,0.01975595909402463,0.006984786322114428,0.271338522040375,0.013927463024841493,0.004924101774795162,3.514993440822
384,0.42297730261337496,0.019778528462535097,0.006992765798874853,0.27025570632525,0.01391274090589694,0.004918896719725598,3.535178463524
385,0.42416055710737494,0.019798239208720408,0.006999734600019793,0.26929781089887495,0.013894614702877978,0.004912488139189662,3.553006661998
386,0.42547236414075,0.019820179888526322,0.007007491801757096,0.26824529522175,0.013863006955544202,0.004901313112950789,3.572846529912
387,0.426906075652,0.019843827722477603,0.007015852573630758,0.267080865212375,0.01386746562833048,0.004902889491831925,3.594619569647
388,0.428558531867,0.019870668160636294,0.007025342101546771,0.265760976552125,0.01382321946278969,0.004887246109984227,3.619829695977
389,0.430195269517125,0.019897147084492948,0.007034703814855553,0.264467266528625,0.0138119802810576,0.004883272459175352,3.644925454016
390,0.431683851042875,0.01992100303587759,0.007043138167353421,0.26331235442537504,0.013803972391815368,0.004880441242782266,3.667854368369
391,0.43298350008862496,0.019941551316593743,0.00705040308167148,0.2622672894195,0.013798746080605042,0.0048785934627335594,3.687956533993
392,0.434566375605375,0.01996636388604654,0.007059175649730847,0.261036185598375,0.013763490655616795,0.004866128787692158,3.712545025792
393,0.436255369033625,0.019992607308156673,0.007068454100598655,0.259710525736625,0.013729014328497458,0.004853939565343914,3.738912932294
394,0.438380410026625,0.020025278784393502,0.007080005211797874,0.258092368290125,0.01371664177319776,0.004849565206467402,3.77227622889
395,0.4396738575065,0.02004497329843774,0.007086968274014301,0.2570882195405,0.013699164042692717,0.004843385895587469,3.792687438539
396,0.441214124993125,0.02006826693656589,0.0070952038187537605,0.25588953544899995,0.013705597494362065,0.0048456604642383855,3.817094232628
397,0.442409467863375,0.02008602364398948,0.007101481762869144,0.25498673856325,0.013665051216976613,0.004831325190392823,3.83611380167
398,0.444118428602,0.020111163914227962,0.007110370190652391,0.25370756959375,0.013654630087989743,0.004827640764905706,3.863427209008
399,0.445763199406875,0.02013519039771318,0.007118864835352622,0.252484858145125,0.013645851358283785,0.004824537015253062,3.88984344523
400,0.44714375862512507,0.02015502611843582,0.007125877821668973,0.251430975659625,0.01360334762444249,0.0048095096760405985,3.912114859301
401,0.44893819205337504,0.020180725333351936,0.007134963866238152,0.250079456470625,0.013583433133615493,0.004802468840286775,3.941199049093
402,0.45068855071549996,0.020205391159265604,0.007143684552621712,0.24879077015612505,0.01353899153477792,0.004786756362334364,3.969721721271
403,0.45234013911162496,0.02022849814832807,0.0071518541069511485,0.24758489841937503,0.01352328595934344,0.004781203602888286,3.996767155586
404,0.45399171022525,0.02025118694173918,0.007159875806790117,0.24635546335225,0.01351942010520899,0.0047798368170515115,4.023948895627
405,0.45556893531574993,0.020272816731807565,0.007167523092406615,0.24521178680775,0.01348439878553834,0.004767454910738903,4.050028528479
406,0.457043883849875,0.020292883836036318,0.007174617885146079,0.244095408403125,0.013494586170119732,0.004771056695098932,4.074533116758
407,0.45820121430325006,0.02030845251353451,0.007180122243862619,0.243302969059375,0.013445295994126426,0.004753629986253559,4.093837063777
408,0.45937996391549996,0.020324216535615457,0.007185695667318724,0.242452669629125,0.013437481528126294,0.004750867155303536,4.113560121995
409,0.460719195515625,0.02034190290460784,0.007191948743043265,0.24146094170850002,0.01341710138977697,0.004743661688289373,4.136056852239
410,0.46237759562137504,0.020363713657434755,0.007199660008656613,0.24030001655625,0.01338720398939135,0.004733091361013113,4.164041831541
411,0.46417772555375003,0.020387034611161748,0.00720790521091866,0.238997463123125,0.013342774648424727,0.0047173832168725385,4.194573478613
412,0.46557699039925,0.020404923413832408,0.0072142298577565255,0.23802555364762498,0.0133204230183308,0.004709480722267544,4.218415358577
413,0.466913538487125,0.020421895406531144,0.007220230363320288,0.23707477090475002,0.013317620829930208,0.004708489999057434,4.24128113372
414,0.46832216104887503,0.02043962853518974,0.007226499971083362,0.23609045852075,0.013275485119360502,0.0046935927757204565,4.265477225202
415,0.46984931256387497,0.02045872002246276,0.007233249831140207,0.235049184414375,0.013231364884085174,0.004677993916945091,4.291827808733
416,0.471308568316375,0.020476755677515886,0.00723962639813581,0.23400182536400002,0.013208435313811932,0.00466988708963014,4.317117209484
417,0.472905024825375,0.020496315646965278,0.007246541891654543,0.232936077863875,0.013234704496379417,0.0046791746481949885,4.344910008983
418,0.4747530165945,0.02051845231045951,0.00725436838408935,0.23161812885775002,0.013167778384002729,0.004655512694244983,4.377241163825
419,0.476174979585125,0.020535497384199013,0.007260394727702865,0.2306606644365,0.013157203890520035,0.004651774046220371,4.402243711427
420,0.477580949004625,0.02055227152632468,0.0072663252825256874,0.22969911077662503,0.013142609776093056,0.004646614247582006,4.427066604208
421,0.478994733431625,0.020568742584510295,0.0072721486809938715,0.228743719308375,0.013060512776647593,0.004617588575070528,4.452133945088
422,0.48029213667725,0.020583919364402778,0.007277514482983146,0.22789104135837498,0.01312228841466408,0.004639429561347321,4.475229744016
423,0.48187818096699997,0.0206018023802087,0.007283837083855363,0.22683341272525,0.013023653469417746,0.004604556842024497,4.503582970084
424,0.4833498222015,0.020618542317484452,0.007289755545437524,0.22584373062825,0.013012377063365365,0.004600570030430971,4.530009273653
425,0.48468520369562496,0.02063367131097097,0.007295104452380946,0.22493150956112498,0.012998464916413694,0.004595651343705777,4.554088362743
426,0.48614422669350005,0.020650047922816408,0.00730089445902533,0.22399601845125003,0.012954846485246049,0.004580229899474096,4.580507384344
427,0.487524468441125,0.020665420767458996,0.007306329580371781,0.22308739585175,0.012921621710118127,0.00456848316757592,4.605601050627
428,0.48884720197862497,0.020679948764888847,0.007311466003121635,0.22220321098375,0.012897288957484435,0.004559880240379811,4.629742443009
429,0.490445917443375,0.020697075378597312,0.007317521175467644,0.22115160890649999,0.012883536952642037,0.004555018172440326,4.65905723399
430,0.49194168931075005,0.020712792553506536,0.007323078035947349,0.22019772473424998,0.012855702589427994,0.004545177238950996,4.686607281172
431,0.49333210632537494,0.02072739350999417,0.007328240253619455,0.21927838644324998,0.012811155240103895,0.004529427372555518,4.712319519567
432,0.49482493651087506,0.020743165188352577,0.007333816383978418,0.21829786407387497,0.01278237711138748,0.0045192527675729,4.740048010303
433,0.49642824790449996,0.020759494571325882,0.007339589692694925,0.21729133664887504,0.012758902491398341,0.004510953236082851,4.769965619652
434,0.49779093269374997,0.0207735501918818,0.007344559104999363,0.21639662955275,0.012773829844877854,0.004516230852518117,4.795501921308
435,0.49892587174525,0.02078461113692134,0.007348469739621258,0.21565360238700002,0.012709309525385673,0.004493419474799495,4.816858309032
436,0.50046300223525,0.02079973549697022,0.007353817008397093,0.21465613954424997,0.012656203133454379,0.004474643529870011,4.845891289287
437,0.502638465619875,0.02082160903656413,0.007361550472484797,0.21333824012650002,0.012623233974771204,0.004462987172032567,4.887200097057
438,0.5039149873185,0.02083412666088624,0.0073659761210060504,0.21253886531850003,0.012589210573437128,0.004450958083131389,4.911564759389
439,0.505499555244375,0.020849153483930846,0.007371288905243316,0.211586281715,0.012588096905993638,0.0044505643422307496,4.941933359107
440,0.507517347686625,0.02086870247195582,0.007378200516242214,0.21029619759037502,0.012525258299337573,0.004428347539787341,4.980813924473
441,0.5091247504955,0.020883663004937228,0.007383489863402873,0.20934314443312502,0.012541070778437427,0.004433938095386779,5.011956113306
442,0.510923925155,0.020900429535685893,0.007389417727197549,0.208242793001,0.012474514680370278,0.004410406961250481,5.046970881108
443,0.512363691291625,0.02091311556808251,0.00739390291696455,0.20737833693149998,0.012409192091279104,0.004387311938394965,5.075131175112
444,0.514338945412625,0.02093109948430723,0.007400261191521945,0.206166349738375,0.012452271840071496,0.004402542929646421,5.113954007876
445,0.5155789746652499,0.02094232499561757,0.007404230009106858,0.20541515556350004,0.012396183890056036,0.004382712844747029,5.13844267181
446,0.51685368991675,0.020953999982841955,0.0074083577404251725,0.20464540627975,0.01240189566358183,0.004384732261643374,5.163716079466
447,0.518144813793375,0.020965052289843748,0.007412265321039535,0.20385663295325,0.012318174771650321,0.004355132456437497,5.189403785982
448,0.5199170252835,0.020980655196023164,0.007417781781422376,0.202799804054375,0.012196993431324752,0.004312288382688754,5.224819188449
449,0.5210652566574999,0.02099050577683566,0.007421264487667947,0.20212321337500003,0.012249297490471728,0.004330780660141959,5.247869055133
450,0.52308975559025,0.021008417915376224,0.007427597384981739,0.200898397604125,0.012208804313680526,0.004316464160191536,5.288698250034
451,0.524289557346625,0.021018801228392364,0.007431268440504187,0.20023349008412503,0.012211269782374884,0.004317335835007828,5.31301078196
452,0.526063946677625,0.02103334507436708,0.007436410466560814,0.19919303181525003,0.012073112708025574,0.004268489932937183,5.349109990899
453,0.52734958138925,0.02104421921151441,0.007440255054619029,0.19845199829600002,0.012110702100836732,0.00428177979021591,5.375384023307
454,0.5291051186366249,0.021057585829533355,0.007444980867740393,0.19743616700849997,0.012142555331788938,0.004293041608020413,5.411457411516
455,0.5301056856652501,0.021065457335728344,0.007447763865444707,0.196841595815125,0.012060694639348826,0.004264099482651898,5.432088083872
456,0.5316748239455,0.021079116222121757,0.007452593011040827,0.1959436952225,0.012152426927833483,0.004296531744272529,5.464550636122
457,0.534002909391625,0.021098772971618423,0.007459542721473415,0.19454386749337502,0.012046556975816991,0.004259101063775151,5.513006352407
458,0.5348125260038751,0.021105365442323977,0.0074618735118437505,0.19409985601424998,0.012003848054079698,0.004244001179686348,5.52994710053
459,0.536011316518125,0.02111469074646421,0.007465170504740843,0.19345151419075,0.011903556931573552,0.004208542913277895,5.555055189052
460,0.5375648075745,0.02112742426461157,0.007469672483256024,0.19263299996225,0.011993629782444584,0.004240388475103751,5.587753711058
461,0.5383908498448751,0.021134035777812227,0.007472010006165068,0.19211472183025,0.011826961297855857,0.0041814622672723635,5.60519967305
462,0.5405080593630001,0.02114900562103186,0.007477302644992019,0.19105820694474998,0.011968364775610864,0.0042314559462743265,5.650115321015
463,0.5418392864595001,0.021157957517333098,0.007480467618281561,0.19021081965225,0.011900248336856318,0.004207373148397518,5.678485702363
464,0.5444278099262501,0.021177361438690506,0.007487327940468278,0.188797327468125,0.011701753286774098,0.004137194550424967,5.733984646021
465,0.5455369124530001,0.021185313479910466,0.007490139411603733,0.188214724569625,0.011641115770939035,0.004115755951104328,5.757886608002
466,0.5474044249075,0.021200390197483834,0.007495469836220814,0.18719341792075,0.011729782498626454,0.004147104373311025,5.798289178805
467,0.5484915093348751,0.02120863604312253,0.007498385182904683,0.18264312163012505,0.021692631769955586,0.0076695035131591665,5.821901344464
468,0.549283963531375,0.021176550959455857,0.007487041392786863,0.18554953988175,0.014075683701832879,0.004976505697701497,5.839514555566
469,0.5519363661155,0.02108242486195885,0.007453762791873483,0.17175969988175,0.04472882400671607,0.01581402738482429,5.89876087798
470,0.552534309422375,0.020971427125310957,0.0074145191657334405,0.175712652306375,0.046605379846585325,0.01647749006464767,5.91305404819
471,0.553430052240625,0.02080016420653383,0.0073539685801168875,0.17089860483700003,0.045395809557796624,0.016049842387885538,5.934710852209
472,0.556109287691875,0.020298231270742748,0.007176508488817514,0.16941914909112502,0.04644524517459042,0.01642087390841233,5.999762545033
473,0.5569138077457501,0.020144042472473665,0.007121994516397978,0.168567699111875,0.04656168731327915,0.016462042421353663,6.019420696822
474,0.557479256602625,0.020035263316673914,0.007083535277039101,0.16778081923075,0.046701207570076,0.016511370281200633,6.033206501997
475,0.559252416713875,0.019690533269553143,0.006961654800040174,0.1670642312595,0.04746654514940419,0.01678195797732056,6.076631191002
476,0.56029501781125,0.019484280645093544,0.006888733485343721,0.16651232943799998,0.0477519526688314,0.016882864773514868,6.102350136381
477,0.5611615343465001,0.019311743091491626,0.0068277322482630945,0.16660423304450003,0.04824494339818394,0.01705716331740851,6.123780995244
478,0.564354221578375,0.018674498439262582,0.006602432240830084,0.164278090964875,0.04891728662191287,0.017294872543800285,6.2034429916
479,0.56516190135775,0.018512438134388402,0.006545135270561239,0.16504295588025,0.049332581941805384,0.017441701612245803,6.223696545151
480,0.56559297203825,0.018424184668875042,0.006513932958597384,0.16450668028837498,0.04996794521472186,0.01766633645164386,6.234537692246
481,0.5662438015468749,0.018289564515720114,0.006466337547007273,0.16519550721137502,0.05116421079815281,0.018089280204715914,6.25092915831
482,0.567923005561375,0.017939417045655028,0.006342541721758105,0.15576023967625,0.055501890407336336,0.019622881537850058,6.293861717081
483,0.5700396755227499,0.0173389866611424,0.006130257523498442,0.15445349443750003,0.06436540458348584,0.02275660702739926,6.351481296264
484,0.5708143509710001,0.01710117432960526,0.006046178167358595,0.14854237779312499,0.05918678011192455,0.020925686786869464,6.373183592776
485,0.5714271142906249,0.01690706115486082,0.005977548796268873,0.14783235678174997,0.059105622405129246,0.020896993204459213,6.390299765639
486,0.5715457549592501,0.01687041992573394,0.00596459416547556,0.149668252653375,0.06052424967137625,0.021398553684428907,6.393622563049
487,0.5719278087813751,0.016749853859664415,0.005921967624026187,0.16140591978975002,0.07102047767733438,0.02510953068437548,6.404331274407
488,0.5720730951597499,0.016703757284236048,0.005905670023488748,0.15196207948325,0.06324580504904789,0.022360768815892072,6.408418772646
489,0.5721824209355,0.01666988153569206,0.0058936931377321375,0.15227900121250001,0.06298112825758655,0.022267191438859565,6.411503573416
490,0.572277155575,0.016640167639229913,0.005883187688890207,0.148630590716125,0.06017782958129997,0.02127607568701281,6.414204844554
491,0.5723662503841249,0.016612577235289288,0.0058734330080291615,0.148453855978875,0.05990651424738411,0.02118015123078691,6.416717764348
492,0.5724531047818749,0.016586645297079806,0.005864264683350544,0.14809212971575,0.059923064239027365,0.021186002536446674,6.419143458168
493,0.5725386038209999,0.016560208220458124,0.005854917765273574,0.14906313163399998,0.06039061531347136,0.02135130680409188,6.421553153674
494,0.5726264464995,0.01653286942106432,0.005845252040053145,0.1562723201305,0.06663083859639073,0.02355755890382711,6.424013334528
495,0.57271803350525,0.01650462456578657,0.00583526597570288,0.155632519944125,0.06711068795099101,0.023727211270120036,6.426606202648
496,0.572819348148625,0.01647340812219481,0.00582422929622875,0.150035349826875,0.061361768104320924,0.02169466116608086,6.42946720484
497,0.5729415545225,0.01643531367913501,0.005810760876722195,0.151885513673375,0.0631044130693448,0.022310779202065353,6.432916957382
498,0.5731589636677499,0.016367532412925222,0.005786796580235019,0.160264536525375,0.07183427929412002,0.025397253005260332,6.439115119359
499,0.574529014990125,0.01592686784386019,0.005630998127727754,0.16821085236387498,0.08002754795237409,0.02829401091942766,6.477868000712
500,0.5753387537706249,0.015663805242011702,0.005537991452905931,0.155042121074375,0.06681610439031256,0.02362306025342913,6.501487869585
501,0.5763606537315,0.015343000346635018,0.005424569794426585,0.1475103221595,0.06174859957433907,0.021831426743893958,6.530598078392
502,0.5772702445996251,0.015055954842927155,0.005323083883336116,0.152925545427375,0.06580199579689491,0.023264518721796544,6.556693835119
503,0.578358362392375,0.014710504157310646,0.0052009486221536285,0.1481387907195,0.07232987301230212,0.02557247184468034,6.588123986576
504,0.5795867954872501,0.014269154821164034,0.005044908067922902,0.1497321460505,0.064902590847513,0.022946531052426198,6.625738041688
505,0.580636537012,0.013934315134659965,0.004926524361454201,0.15847227278962497,0.0722527865677171,0.025545217670828523,6.656377089382
506,0.5818099093105,0.01356935598727415,0.004797491817467915,0.134150349791875,0.07393940104174353,0.02614152593674426,6.690734066187
507,0.5827985876919999,0.013177520407827078,0.004658957019799323,0.14527889999425,0.08495577189196102,0.03003640120287156,6.722806054544
508,0.583700153645375,0.012823035033519552,0.004533627513797171,0.12354214667999999,0.06914997009633872,0.024448206386984042,6.752580867434
509,0.5846488896331251,0.012393294494104031,0.004381691289011431,0.107165717402875,0.07217545601968828,0.0255178771933765,6.785659042728
510,0.585391052985625,0.012007166176504012,0.004245174313119869,0.092891996770375,0.0656898103034613,0.02322485516021771,6.815430865569
511,0.586249345925,0.011544821685945979,0.004081710850860956,0.08483506586812499,0.06458074196628183,0.022832740289208266,6.853671647779
512,0.587044805843375,0.011106973374708933,0.0039269080958575595,0.0756176692715,0.055264038499394826,0.019538788189338255,6.893911097042
513,0.587657879966125,0.0107775225084051,0.0038104296250419476,0.06867700529000001,0.050878139597794116,0.01798813876187801,6.927443825369
514,0.588303277551375,0.010442754708741194,0.003692071334409324,0.069026193267875,0.05507819741368186,0.019473083443372903,6.967951347856
515,0.589030732129,0.010075758572989528,0.003562318606279693,0.06441910669937499,0.04746536766402777,0.016781541673373354,7.015442709829
516,0.5898922940185,0.009633251927994685,0.0034058688815817124,0.06322630358487501,0.04854407295594586,0.017162921586781902,7.072489342369
517,0.5904524234592501,0.009345886918259551,0.0033042700080519864,0.06255547900524999,0.04962192976095,0.01754400151476515,7.110091778531
518,0.5909934384325,0.00907474273758789,0.0032084060636358856,0.0617604789285,0.05017972419681882,0.017741211628820634,7.147213062207
519,0.5917995547676249,0.008687680694687469,0.0030715589659984824,0.051806908159375,0.030051812362580022,0.010624920154263027,7.204377432982
520,0.5922778572138749,0.008502003676233357,0.0030059122265687814,0.042930332455,0.01684501454368572,0.005955612006513094,7.243771293823
521,0.5926322751319999,0.00840410110894436,0.00297129844195597,0.042007409925875004,0.016468802389842805,0.005822600923939533,7.278799581754
522,0.592971374782,0.008310366943105994,0.0029381584098093837,0.041150946360375,0.016110168692299674,0.005695804764192156,7.313049241578
523,0.59336734364725,0.00820138382988824,0.002899627060613836,0.040149580193375,0.015695999342221826,0.005549373786192321,7.354104658258
524,0.5937862562403751,0.00808641986180099,0.0028589811599005316,0.039047989361875,0.015227101441323923,0.005383593343487799,7.398762519032
525,0.59423898762975,0.007962450936152572,0.0028151515259093284,0.0378675525285,0.014753815102229857,0.005216261353579613,7.448488942864
526,0.5946813267205,0.00784144933846929,0.0027723710007812007,0.036625457331375,0.014239734263758134,0.005034506330098902,7.498650999563
527,0.5951174246900001,0.007722435497032348,0.0027302932536136396,0.03538250450825,0.013731273233675609,0.004854738208928677,7.549681918109
528,0.595530417275625,0.007610149302372939,0.0026905940887749892,0.034193113447124994,0.013257401172596432,0.0046871991350267116,7.599602174293
529,0.596095267603125,0.007456036164354296,0.0026361068662935287,0.03234023302525,0.012446640318578736,0.004400551886128457,7.670599593938
530,0.59652062822875,0.007340839796857116,0.002595378799980872,0.03096268904525,0.011913987632206169,0.00421223072285282,7.726419219139
531,0.5968697047779999,0.007247051281297238,0.002562219552305967,0.029646613833374996,0.011389230496517322,0.004026701058292014,7.773888689607
532,0.597253508288625,0.007144235604992442,0.002525868721342266,0.028340600746625002,0.010886950551779585,0.0038491182808029845,7.828158490038
533,0.5977074496027501,0.007022840157931359,0.0024829489494312337,0.026750903735875,0.010393679734317441,0.003674720710808528,7.895226861682
534,0.5981230523573751,0.006912757733401075,0.002444028934993824,0.025250122752875002,0.009847763417714494,0.0034817101460933647,7.959802085027
535,0.598463621154125,0.006823745733432658,0.002412558440601502,0.02418815350575,0.009483332399885842,0.003352864324102687,8.015297970719
536,0.598898631293375,0.00671030585946892,0.0023724513885331486,0.022827954875125,0.00897454051659239,0.00317297922865795,8.089707822343
537,0.59920635133675,0.006631527215473258,0.002344598931842142,0.02192712065775,0.008604320932387973,0.0030420868393984464,8.144937282319
538,0.59953776793225,0.006547230573733863,0.002314795568339552,0.0209980495445,0.008174132974284334,0.0028899924282185076,8.207052607309
539,0.59981917129575,0.006476951252327005,0.002289948075967563,0.020231065702625003,0.00780414783572608,0.002759182928012115,8.262000642832
540,0.6001422280802501,0.006396731479008143,0.0022615861031180557,0.019359384153875,0.007392562679225595,0.002613665600413505,8.327722549974
541,0.6005690688621249,0.006291009512729803,0.002224207743480161,0.0182548933985,0.006874368467086161,0.0024304562797257978,8.419247656556
542,0.600863634028625,0.006219841898606743,0.002199046192206519,0.0174950775665,0.006502823361622543,0.0022990952479308,8.485724679267
543,0.60120001965175,0.006139738583685473,0.0021707253936183433,0.016653459963750002,0.006154658930065154,0.0021760005326697056,8.56521555507
544,0.6016486056090001,0.006033799006063602,0.0021332700967521116,0.015557605615,0.005750034728142896,0.002032944274163994,8.677771614544
545,0.6018735109439999,0.00598291721019084,0.0021152806653018216,0.01500345955725,0.005553327720817128,0.0019633978447705126,8.737318866186
546,0.602103489871875,0.005931591424276434,0.002097134259666919,0.014464545092999999,0.005391228267710584,0.0019060870335113787,8.80056557893
547,0.6023674989622501,0.005872971399136345,0.0020764089510219774,0.013839532024125,0.00520342803560836,0.0018396896246974338,8.876199666245
548,0.602615909375875,0.0058188621664356024,0.0020572784483382294,0.0132748535975,0.005060149624114346,0.0017890330565149067,8.950684473447
549,0.60292159030225,0.0057525739489582535,0.0020338420242927285,0.0125531870115,0.00487731773259518,0.001724392221359724,9.047004101491
550,0.6032107108803749,0.005691320766930663,0.002012185754102247,0.011851172758875001,0.004703112662159699,0.0016628014280487195,9.143470921696
551,0.603487658645375,0.005633755841821323,0.001991833479650592,0.0111854466075,0.004523349644453514,0.0015992456036354192,9.241398897788
552,0.6037021612025001,0.0055909385997087195,0.001976695298525828,0.010684198203875001,0.00443225411900828,0.0015670384717463807,9.321288632018
553,0.6039454745376249,0.005543046296175058,0.0019597628122281796,0.01010013672175,0.004297137944117232,0.001519267689989657,9.416651062555
554,0.60418756023675,0.005496990487187164,0.0019434796248039936,0.009511538963375,0.004179805135524085,0.0014777842776837182,9.517172892534
555,0.604362786117,0.0054655778421082045,0.0019323735776288241,0.009077534091,0.004117054847245685,0.0014555987005021847,9.593802204673
556,0.604609160518875,0.005421650264281228,0.0019168428335475467,0.00847611403575,0.003974547132207028,0.0014052146146645672,9.707932174209
557,0.6047965052543749,0.005390961614691089,0.0019059927574322244,0.008018994593875001,0.0038976544663535426,0.0013780289519403118,9.800094167691
558,0.60499555618025,0.005359833696406693,0.0018949873763806657,0.00753910205225,0.003779209974231291,0.0013361525001533915,9.903877214606
559,0.605153598699,0.005337385304329196,0.0018870506712482993,0.00715997811625,0.0036741416304215363,0.001299005230955433,9.990946726332
560,0.6053251423395001,0.005314660377111197,0.0018790161961793905,0.0067714165278749995,0.0035808555775593085,0.0012660236306709291,10.090740662254
561,0.605515038348,0.005291224883754238,0.0018707304980428116,0.00632692262775,0.0034364320612161763,0.0012149622067864115,10.208134038195
562,0.60574304905325,0.005265892838945786,0.0018617742677101228,0.00571285991925,0.0031607380462341877,0.0011174896530232567,10.360367244385
563,0.6059034137325001,0.00525187883192874,0.0018568195680134481,0.0053296330504999994,0.003007210941960475,0.0010632096247593186,10.476418665418
564,0.606036611382,0.00524260473619977,0.0018535406800237841,0.0049981326707499996,0.0028514048551127372,0.0010081238544792307,10.578804156948
565,0.6061936379378751,0.005233155957930174,0.0018502000324296046,0.00458289655575,0.0026612724281882276,0.0009409018902783424,10.707541286134
566,0.6063514587659999,0.0052262511515518304,0.001847758814723151,0.004157992245875,0.002477970565847504,0.0008760948953457181,10.84739413156
567,0.6064810695956251,0.005223034887169607,0.0018466216935457717,0.0037855995963750003,0.00234172762425933,0.0008279257414028179,10.971387256151
568,0.606605453754,0.005222025689475156,0.0018462648882791193,0.003474016085875,0.0022305327410263873,0.0007886124134191878,11.1
569,0.6066922441913749,0.005223116338315009,0.001846650490874396,0.003212173577875,0.0021616341569540296,0.0007642530854133301,11.195567325146
570,0.60676844008475,0.005225251469104747,0.001847405373604468,0.0030181805903750003,0.0021154209077125633,0.0007479142344536776,11.284528558918
571,0.606847321013375,0.005228033680036044,0.0018483890337125737,0.00280549012325,0.0020545198431866822,0.0007263824565998126,11.381930450837
572,0.606957717927375,0.005231887945274979,0.001849751722256045,0.002490239092,0.0020104224071779606,0.0007107916585824591,11.528888809798
573,0.60713647755475,0.005239084653251506,0.0018522961427622556,0.002035240618875,0.0019273247374062654,0.0006814121956842761,11.802811905039
574,0.60724680180625,0.005246598381914983,0.001854952647007226,0.0017723161211250001,0.0018630083091082704,0.0006586729043886708,12.0
575,0.6073028001007501,0.0052526212371175425,0.0018570820478851433,0.0016303582713749999,0.0018329723080428224,0.0006480535743721184,12.110623764482
576,0.607344784065625,0.005258344862175416,0.001859105654930839,0.0015307454875,0.0017943046644826122,0.000634382497885154,12.2
577,0.607388866161625,0.005264379143100174,0.0018612390954115795,0.0014288804255,0.00175570513580767,0.0006207355036468258,12.3
578,0.6074300122241252,0.005270518002392538,0.0018634095099287697,0.001338377003625,0.0017088498932981663,0.0006041696737905208,12.4
579,0.6074686625331249,0.005276641403528598,0.0018655744591623865,0.001253360225375,0.0016637041576617205,0.0005882082458854277,12.5
580,0.6075047955428751,0.005282767795382623,0.0018677404657744803,0.00117381666425,0.001608823770420927,0.0005688050988993734,12.6
581,0.6075387317775,0.005288863814890439,0.0018698957341405913,0.0010960325552499999,0.001552954973784529,0.0005490524964202087,12.7
582,0.60757220333675,0.005295143514828591,0.001872115943345633,0.001029342123125,0.0015041584846988056,0.0005318003322549036,12.806018488075
583,0.6076000919075,0.005301030124338533,0.0018741971740969718,0.000965715352625,0.001445440395862853,0.0005110403528577954,12.9
584,0.60762790611775,0.005307059717098774,0.0018763289570612517,0.000906731436,0.0013917378330808427,0.0004920536297026676,13.0
585,0.607678319745125,0.00531563196739804,0.0018793597052195713,0.000789193157125,0.0012591417102762713,0.00044517382090558926,13.2
586,0.607722609016625,0.005324060872661297,0.0018823397732543852,0.0006848017235,0.0011295086196793631,0.00039934160219196735,13.4
587,0.6077614744065,0.005332154678343674,0.001885201365696193,0.0005900467782499999,0.0010044583162074699,0.0003551296434047617,13.6
588,0.6077956500573749,0.005339986397537831,0.0018879702965714617,0.0005016075085,0.0008778074401375311,0.0003103517967486263,13.8
589,0.607825494805,0.005347603046479745,0.0018906631886298339,0.00041883323275,0.0007513804644003483,0.00026565311081429174,14.0
590,0.60792590474075,0.005367793871706168,0.001897801723347512,0.00013789386100000002,0.0002708614856921541,9.576399664759258e-05,15.0
591,0.607971990726,0.0053804377909782725,0.0019022720238765522,2.9644090375e-05,6.185083968573828e-05,2.1867574081933784e-05,16.0
592,0.607997538660375,0.005389569628122914,0.0019055006158613858,5.902618750000001e-07,1.2922316050198238e-06,4.568728653865468e-07,18.0
593,0.608000713983625,0.005393616016619525,0.00190693123023402,7.941875e-09,1.8188048633907238e-08,6.430446262793264e-09,20.0
